STATE,ST_CASE,VE_TOTAL,VE_FORMS,PVH_INVL,PEDS,PERNOTMVIT,PERMVIT,PERSONS,COUNTY,CITY,DAY,MONTH,YEAR,DAY_WEEK,HOUR,MINUTE,NHS,RUR_URB,FUNC_SYS,RD_OWNER,ROUTE,TWAY_ID,TWAY_ID2,MILEPT,LATITUDE,LONGITUD,SP_JUR,HARM_EV,MAN_COLL,RELJCT1,RELJCT2,TYP_INT,WRK_ZONE,REL_ROAD,LGT_COND,WEATHER1,WEATHER2,WEATHER,SCH_BUS,RAIL,NOT_HOUR,NOT_MIN,ARR_HOUR,ARR_MIN,HOSP_HR,HOSP_MN,CF1,CF2,CF3,FATALS,DRUNK_DR
36,360584,2,2,0,1,1,2,2,55,5230,3,9,2016,7,0,22,0,2,5,4,6,3673 LAKE AVE,GRASSMERE PARK,0,43.23734167,-77.623258330000,0,8,0,0,3,3,0,1,3,10,0,10,0,0000000,0,22,0,26,88,88,0,0,0,1,0
36,360585,1,1,0,1,1,1,1,29,156,30,8,2016,3,5,43,1,2,3,3,5,NIAGARA FALLS BLVD,ROGER CHAFFEE DR,0,43.01870556,-78.822261110000,0,8,0,0,3,2,0,1,3,1,0,1,0,0000000,99,99,99,99,88,88,0,0,0,1,0
36,360586,1,1,0,1,1,1,1,29,1500,4,9,2016,1,13,31,0,2,5,4,6,WALDEN AVE,,0,42.91346389,-78.687516670000,0,8,0,0,1,1,0,2,1,1,0,1,0,0000000,13,31,13,51,88,88,0,0,0,1,0
36,360587,2,2,0,0,0,5,5,55,5230,3,9,2016,7,11,48,0,2,7,4,6,HOLLENBACK ST,STRONG ST,0,43.18875278,-77.615877780000,0,12,2,0,2,3,0,1,1,1,0,1,0,0000000,11,48,11,50,88,88,0,0,0,1,0
36,360588,2,2,0,0,0,2,2,5,4170,4,9,2016,1,20,22,1,2,1,1,1,I-278 BRUCKNER EXPY,,0,40.82604167,-73.858616670000,0,12,7,0,1,1,0,1,3,1,0,1,0,0000000,20,23,20,24,99,99,0,0,0,1,1
36,360589,2,2,0,0,0,3,3,119,6820,5,9,2016,2,2,46,1,2,2,1,3,SR-987D,,0,40.90083333,-73.860958330000,0,12,1,0,1,1,0,1,3,10,0,10,0,0000000,2,58,3,6,4,0,23,0,0,1,0
36,360590,1,1,0,1,1,1,1,111,3060,6,9,2016,3,21,28,0,1,4,1,3,SR-28,FOREST HILL DR,0,41.94930000,-74.042650000000,0,8,0,0,3,3,0,1,2,1,0,1,0,0000000,21,28,21,30,22,9,0,0,0,1,1
36,360591,2,2,0,0,0,2,2,7,2543,5,9,2016,2,16,59,0,1,6,1,3,SR-235,SR-7,0,42.19034167,-75.617463890000,0,12,6,0,2,3,0,1,1,1,0,1,0,0000000,99,99,99,99,99,99,0,0,0,1,1
36,360592,1,1,0,1,1,1,1,81,4170,5,9,2016,2,0,48,1,2,3,1,3,SR-907M,,0,99.99990000,999.999900000000,0,9,0,0,1,1,0,1,3,1,0,1,0,0000000,99,99,99,99,88,88,0,0,0,1,0
36,360593,1,1,0,0,0,3,3,77,3890,3,9,2016,7,3,14,0,1,3,1,3,SR-23,PEGG RD,0,42.54842222,-75.214727780000,0,59,0,0,1,1,0,4,2,1,0,1,0,0000000,3,24,3,40,88,88,0,0,0,3,1
36,360594,1,1,0,1,1,1,1,47,4170,6,9,2016,3,10,34,0,2,7,4,6,QUENTIN RD,CONEY ISLAND AVE,0,40.60780000,-73.962027780000,0,8,0,0,3,2,0,1,1,1,0,1,0,0000000,10,34,10,35,11,2,0,0,0,1,0
36,360595,1,1,0,0,0,1,1,119,2555,8,9,2016,5,11,4,1,1,1,1,1,I-684,,0,99.99990000,999.999900000000,0,42,0,0,1,1,0,4,1,1,0,1,0,0000000,11,13,11,17,88,88,0,0,0,1,0
36,360596,2,2,0,0,0,2,2,91,5580,8,9,2016,5,14,24,1,1,3,1,3,SR-50,SR-32 SCHUYLERVILLE RD,0,43.19546944,-73.650150000000,0,12,6,0,2,4,0,1,1,10,0,10,0,0000000,14,24,14,33,14,58,0,0,0,1,0
36,360597,1,1,0,0,0,1,1,29,2348,8,9,2016,5,20,0,1,1,1,1,1,I-190,,169,43.00796944,-78.956233330000,0,38,0,0,1,1,0,5,1,10,0,10,0,0000000,20,4,20,9,20,45,0,0,0,1,0
36,360598,1,1,0,0,0,1,1,103,5870,7,9,2016,4,0,39,0,1,7,2,4,CR-48,,0,41.07825556,-72.424163890000,0,42,0,0,1,1,0,4,2,1,0,1,0,0000000,0,39,2,19,88,88,0,0,0,1,1
36,360599,1,1,0,0,0,2,2,67,6140,8,9,2016,5,22,56,1,1,1,1,1,I-81,,0,42.80185278,-76.122313890000,0,42,0,1,5,1,0,4,2,2,0,2,0,0000000,22,58,23,9,23,48,0,0,0,1,0
36,360600,2,2,0,0,0,2,2,21,818,3,8,2016,4,7,5,1,1,1,1,1,I-90,,207,99.99990000,999.999900000000,0,12,1,0,1,1,0,1,4,1,0,1,0,0000000,7,7,99,99,88,88,0,0,0,1,0
36,360601,2,2,0,0,0,3,3,29,2348,30,8,2016,3,18,10,0,1,7,3,5,STONY POINT RD,,0,43.03778889,-78.946350000000,0,12,2,0,1,1,0,1,1,10,0,10,0,0000000,99,99,99,99,99,99,0,0,0,1,1
36,360602,2,1,1,0,0,1,1,105,3850,10,9,2016,7,17,24,0,2,4,1,3,SR-42,HEMLOCK LN,0,41.63244444,-74.711844440000,0,57,0,0,3,3,0,4,1,1,0,1,0,0000000,17,24,17,30,88,88,0,0,0,1,1
36,360603,1,1,0,1,1,3,3,61,4170,23,8,2016,3,15,50,0,2,7,4,6,WEST END AVE,W 93RD ST,0,40.79330833,-73.974638890000,0,8,0,0,3,2,0,1,1,1,0,1,0,0000000,99,99,99,99,99,99,0,0,0,1,0
36,360604,4,2,2,0,0,8,8,81,4170,11,9,2016,1,4,23,0,2,3,4,6,LINDEN BLVD,120TH ST,0,40.67900278,-73.819600000000,0,12,6,0,2,2,0,1,3,1,0,1,0,0000000,99,99,99,99,99,99,0,0,0,1,0
36,360605,1,1,0,0,0,1,1,111,5480,11,9,2016,1,9,10,0,1,7,3,5,BLUE MOUNTAIN CHURCH RD,,0,42.10878889,-74.020816670000,0,42,0,0,1,1,0,4,1,2,0,2,0,0000000,8,9,8,19,9,6,0,0,0,1,0
36,360606,2,2,0,0,0,2,2,59,4090,25,7,2016,2,22,15,1,1,3,1,3,SR-908G,,0,40.77941944,-73.625608330000,0,12,1,0,1,1,0,1,3,10,0,10,0,0000000,22,15,99,99,99,99,0,0,0,1,1
36,360607,1,1,0,0,0,1,1,105,532,13,9,2016,3,17,35,0,1,3,1,3,SR-17B,,0,41.69504167,-74.928555560000,0,52,0,0,1,1,0,4,1,1,0,1,0,0000000,17,38,17,54,19,3,0,0,0,1,0
36,360608,1,1,0,1,1,2,2,61,4170,13,9,2016,3,19,41,0,2,5,4,6,MORNINGSIDE AVE,W 124TH ST,0,40.81070278,-73.954502780000,0,8,0,0,3,2,0,1,5,1,0,1,0,0000000,99,99,99,99,99,99,0,0,0,1,0
36,360609,2,2,0,0,0,2,2,83,4000,13,9,2016,3,8,36,0,1,4,1,3,SR-9,,0,42.49854444,-73.673486110000,0,12,2,0,1,1,0,1,1,1,0,1,0,0000000,8,39,8,45,9,17,0,0,0,1,0
36,360610,1,1,0,0,0,1,1,119,1420,11,9,2016,1,1,50,1,1,3,1,2,US-9,,0,41.20155000,-73.888011110000,0,24,0,0,1,1,0,3,2,1,0,1,0,0000000,1,50,1,55,88,88,0,0,0,1,1
36,360611,2,2,0,0,0,2,2,103,160,23,8,2016,3,12,24,0,2,5,3,5,NEW HIGHWAY,ALBANY AVE,0,40.71195556,-73.403269440000,0,12,6,0,2,2,0,1,1,1,0,1,0,0000000,99,99,99,99,99,99,0,0,0,1,0
36,360612,1,1,0,0,0,1,1,55,652,20,5,2016,6,10,29,0,1,7,3,5,ALLENS CREEK RD,CLOVER ST,0,43.11673056,-77.547972220000,0,42,0,0,3,2,0,4,1,1,0,1,0,0000000,99,99,99,99,99,99,0,0,0,1,0
36,360613,2,2,0,0,0,2,2,59,2600,8,9,2016,5,13,16,0,2,7,4,6,FRONT ST,BURSTON ST,0,40.70941111,-73.609363890000,0,5,0,0,3,3,0,1,1,1,0,1,0,0000000,13,16,13,20,88,88,0,0,0,1,0
36,360614,1,1,0,0,0,1,1,107,4220,12,9,2016,2,22,50,0,1,3,2,4,CR-4,,0,42.01487778,-76.457536110000,0,42,0,0,1,1,0,4,2,1,0,1,0,0000000,23,0,23,12,88,88,0,0,0,1,0
36,360615,1,1,0,0,0,1,1,13,3525,10,9,2016,7,16,5,0,1,7,3,5,BAYVIEW RD,,0,42.17704722,-79.395933330000,0,1,0,0,1,1,0,4,1,1,0,1,0,0000000,16,7,16,21,88,88,0,0,0,1,1
36,360616,2,2,0,0,0,3,3,13,5651,14,9,2016,4,3,31,1,1,1,1,1,I-90,,4623,99.99990000,999.999900000000,0,12,1,0,1,1,0,1,2,1,0,1,0,0000000,3,33,4,16,88,88,0,0,0,1,0
36,360617,1,1,0,1,1,3,3,89,3368,29,8,2016,2,15,1,1,1,3,1,3,SR-37,TAYLOR RD,0,44.90545000,-75.044588890000,0,9,0,0,2,3,0,1,1,1,0,1,0,0000000,15,1,15,5,15,35,0,0,0,1,0
36,360618,1,1,0,0,0,2,2,37,1340,15,9,2016,5,9,47,0,2,4,3,5,2176 ANGLING RD,,0,42.97703333,-78.339975000000,0,42,0,0,1,1,0,4,1,1,0,1,0,0000000,9,47,9,51,10,27,0,0,0,1,0
36,360619,1,1,0,0,0,1,1,103,3933,16,9,2016,6,23,5,0,2,7,3,5,N COUNTRY RD,,0,40.94886667,-73.020408330000,0,30,0,0,1,1,0,4,3,10,0,10,0,0000000,99,99,99,99,88,88,0,0,0,1,1
36,360620,1,1,0,0,0,1,1,121,5994,14,9,2016,4,23,18,0,1,7,2,4,CR-35,,0,42.75494444,-78.445261110000,0,34,0,0,1,1,0,4,2,1,0,1,0,0000000,23,24,23,29,88,88,0,0,0,1,1
36,360621,2,1,1,0,2,2,4,119,4309,9,9,2016,6,14,49,1,2,1,1,1,I-684,,237,99.99990000,999.999900000000,0,14,0,0,1,1,0,2,1,1,0,1,0,0000000,14,52,14,55,15,35,0,0,0,1,0
36,360622,3,3,0,0,0,5,5,7,540,14,9,2016,4,8,58,1,1,1,1,1,I-81,,0,42.11437778,-75.881797220000,0,12,1,0,1,1,0,1,1,1,0,1,0,0000000,8,58,9,5,99,99,0,0,0,1,0
36,360623,1,1,0,1,1,1,1,71,6163,16,9,2016,6,20,12,1,1,3,1,3,SR-17,PATTERSON HILL RDQ,0,41.20153056,-74.184347220000,0,8,0,0,3,4,0,1,3,1,0,1,0,0000000,99,99,99,99,99,99,0,0,0,1,0
36,360624,3,3,0,0,0,3,3,119,6040,31,8,2016,4,11,23,1,2,1,1,1,I-87,,144,99.99990000,999.999900000000,0,12,7,0,1,1,0,1,1,10,0,10,0,0000000,11,30,11,32,88,88,0,0,0,1,0
36,360625,1,1,0,0,0,1,1,29,3140,16,9,2016,6,11,58,0,1,7,2,4,CR-155,,0,42.94361667,-78.592963890000,0,34,0,0,1,1,0,4,1,1,0,1,0,0000000,11,59,12,1,12,47,0,0,0,1,0
36,360626,1,1,0,1,1,1,1,81,4170,13,8,2016,7,11,57,0,2,7,4,6,34TH AVE,86TH ST,0,40.75407500,-73.881322220000,0,8,0,0,3,2,0,1,1,1,0,1,0,0000000,99,99,99,99,99,99,0,0,0,1,0
36,360627,1,1,0,1,1,5,5,61,4170,17,9,2016,7,10,41,1,2,3,4,6,3RD AVE,E 71ST ST,0,40.76905833,-73.961091670000,0,8,0,0,3,2,0,1,1,1,0,1,0,0000000,99,99,99,99,99,99,0,0,0,1,0
36,360628,1,1,0,0,0,1,1,117,6365,20,9,2016,3,20,40,0,2,4,3,5,WALWORTH ONTARIO RD,,0,43.17936667,-77.273491670000,0,30,0,0,1,1,0,4,2,1,0,1,0,0000000,20,41,20,59,21,35,0,0,0,1,0
36,360629,1,1,0,1,1,1,1,111,3060,20,9,2016,3,16,22,0,2,7,4,6,BRUYN AVE,,0,41.93509722,-74.004122220000,0,8,0,0,1,1,0,1,1,1,0,1,0,0000000,16,22,16,25,16,30,0,0,0,1,0
36,360630,3,3,0,0,0,4,4,83,6110,20,9,2016,3,15,8,1,1,3,1,3,SR-7,CR-126 COOKSBORO RD,0,42.80345556,-73.556494440000,0,12,1,0,3,3,0,1,1,1,0,1,0,0000000,15,10,15,17,15,59,0,0,0,1,0
36,360631,2,2,0,0,0,3,3,65,5120,21,9,2016,4,16,33,1,1,2,1,3,SR-12,,0,43.38044444,-75.210477780000,0,12,1,0,1,1,0,1,1,1,0,1,0,0000000,16,33,16,45,99,99,0,0,0,1,1
36,360632,2,2,0,0,0,4,4,103,5255,22,9,2016,5,16,16,0,2,4,1,3,SR-25A,HALLOCK LANDING RD,0,40.94528333,-72.941466670000,0,12,6,0,2,2,0,1,1,1,0,1,0,0000000,16,16,16,20,17,20,0,0,0,1,0
36,360633,1,1,0,1,1,1,1,59,4600,14,8,2016,1,23,27,0,1,3,1,3,SR-907E BETHPAGE STATE PKWY,,0,40.71015833,-73.455355560000,0,8,0,0,1,1,0,1,2,10,0,10,0,0000000,99,99,99,99,99,99,0,0,0,1,0
36,360634,1,1,0,0,0,1,1,27,3770,19,6,2016,1,5,36,0,1,4,2,4,CR-62,,0,41.94867500,-73.506741670000,0,35,0,0,1,1,0,4,4,1,0,1,0,0000000,5,39,5,46,88,88,0,0,0,1,1
36,360635,1,1,0,1,1,1,1,103,4025,13,9,2016,3,11,50,0,2,4,2,4,CR-25,PLEASANT VIEW RD,0,40.90025000,-72.867675000000,0,15,0,0,3,3,0,1,1,1,0,1,0,0000000,11,50,11,52,99,99,0,0,0,1,0
36,360636,1,1,0,5,5,1,1,13,4650,22,9,2016,5,16,56,0,1,7,3,4,CR-23 WEEKS RD,,0,42.04901944,-79.527733330000,0,49,0,0,1,1,0,1,1,1,0,1,0,0000000,16,56,17,6,21,0,0,0,0,1,0
36,360637,1,1,0,1,1,1,1,55,5230,22,9,2016,5,23,48,0,2,7,4,6,658 NORTH ST,,0,43.17005556,-77.598058330000,0,8,0,0,1,1,0,1,3,1,0,1,0,0000000,23,48,23,52,0,13,0,0,0,1,0
36,360638,2,2,0,0,0,2,2,21,3313,22,9,2016,5,16,26,0,1,4,1,3,SR-82,SCHNEIDER RD,0,42.14568056,-73.744113890000,0,12,6,0,2,2,0,1,1,1,0,1,0,0000000,16,28,16,33,18,1,0,0,0,1,0
36,360639,1,1,0,0,0,1,1,43,3820,23,9,2016,6,10,53,0,1,4,2,4,CR-46,,0,42.94203333,-74.960527780000,0,34,0,0,1,1,0,4,1,10,0,10,0,0000000,10,53,11,7,88,88,0,0,0,1,0
36,360640,2,1,1,1,1,1,1,47,4170,23,9,2016,6,20,6,0,2,7,4,6,AVE V,,0,40.59879167,-73.936902780000,0,8,0,0,1,1,0,1,3,1,0,1,0,0000000,20,6,20,8,20,30,0,0,0,1,0
36,360641,1,1,0,1,1,1,1,71,4060,24,9,2016,7,14,0,0,1,7,3,5,PRESSLER RD,,0,41.56736667,-74.053961110000,0,8,0,0,1,1,0,1,1,1,0,1,0,0000000,14,4,14,15,15,0,0,0,0,1,0
36,360642,1,1,0,0,0,1,1,49,2452,24,9,2016,7,20,46,0,1,4,3,5,NORTH SOUTH RD,,0,43.66605833,-75.292133330000,0,42,0,0,1,1,0,4,2,1,0,1,0,0000000,20,46,21,4,22,31,0,0,0,1,1
36,360643,2,2,0,0,0,2,2,111,4461,24,9,2016,7,10,25,0,1,4,1,3,SR-28,,0,41.97412222,-74.202933330000,0,12,1,0,8,1,0,1,1,1,0,1,0,0000000,10,26,10,28,11,44,0,0,0,1,0
36,360644,1,1,0,0,0,1,1,71,4560,24,9,2016,7,2,38,0,2,3,1,2,US-209,,0,41.42299167,-74.629841670000,0,42,0,0,1,1,0,4,2,10,0,10,0,0000000,2,38,2,43,3,26,0,0,0,1,1
36,360645,1,1,0,1,1,1,1,81,4170,27,9,2016,3,6,20,0,2,7,4,6,CENTREVILLE ST,,0,40.67765000,-73.834822220000,0,8,0,0,1,1,0,1,3,2,0,2,0,0000000,99,99,99,99,99,99,0,0,0,1,0
36,360646,1,1,0,1,1,1,1,29,6090,29,9,2016,5,6,40,0,2,4,3,2,US-62,WILLOW RIDGE DR,0,43.01237500,-78.822311110000,0,8,0,0,3,3,0,1,2,2,0,2,0,0000000,6,44,6,48,6,57,0,0,0,1,0
36,360647,2,2,0,0,0,2,2,15,535,26,9,2016,2,14,24,0,1,4,3,4,CR-64,,0,42.14087500,-76.907491670000,0,12,6,0,1,1,1,1,1,10,0,10,0,0000000,14,24,14,30,15,20,0,0,0,1,0
36,360648,1,1,0,1,1,1,1,55,5230,30,9,2016,6,19,3,0,2,7,4,6,MOUNT READ BLVD,GARLAND AVE,0,43.15856944,-77.659475000000,0,8,0,0,3,3,0,1,3,2,0,2,0,0000000,19,3,19,5,19,15,0,0,0,1,0
36,360649,1,1,0,1,1,1,1,85,4170,30,9,2016,6,12,16,1,2,3,4,6,BAY ST,CANAL ST,0,40.62669444,-74.075666670000,0,8,0,0,3,2,0,1,1,2,0,2,0,0000000,12,15,12,25,12,35,0,0,0,1,0
36,360650,1,1,0,1,1,1,1,81,4170,19,9,2016,2,6,31,0,2,7,4,6,ROCKAWAY BLVD,144TH TERRACE,0,40.66366389,-73.777119440000,0,8,0,0,3,3,0,1,4,10,0,10,0,0000000,99,99,99,99,99,99,0,0,0,1,0
36,360651,1,1,0,1,1,1,1,47,4170,29,9,2016,5,16,45,0,2,7,4,6,STANLEY AVE,PENNSYLVANIA AVE,0,40.65691944,-73.889452780000,0,8,0,0,3,2,0,1,1,2,0,2,0,0000000,17,0,17,10,17,20,0,0,0,1,0
36,360652,1,1,0,0,0,4,4,59,4090,1,10,2016,7,4,45,0,2,7,3,5,SCHOOL ST,MADISON ST,0,40.75722222,-73.582136110000,0,30,0,0,3,2,0,4,3,1,0,1,0,0000000,4,50,4,54,99,99,0,0,0,1,0
36,360653,1,1,0,0,0,1,1,65,6220,26,2,2016,6,1,59,0,2,6,4,6,MEMORIAL PKY,,0,43.08116667,-75.237016670000,0,42,0,0,1,1,0,4,3,4,0,4,0,0000000,1,59,2,2,88,88,0,0,0,1,1
36,360654,1,1,0,1,1,2,2,59,2600,23,9,2016,6,21,21,0,2,7,3,5,HENRY ST,THORNE AVE,0,40.70278889,-73.616294440000,0,8,0,0,3,3,0,1,1,1,0,1,0,0000000,99,99,99,99,99,99,0,0,0,1,0
36,360655,2,2,0,0,0,4,4,55,680,1,10,2016,7,16,35,1,1,3,1,3,SR-31,,0,43.19803333,-77.901458330000,0,53,0,0,1,1,0,4,1,2,0,2,0,0000000,16,25,16,30,99,99,0,0,0,1,0
36,360656,1,1,0,1,1,1,1,59,2600,4,9,2016,1,16,34,0,1,7,3,5,NASSAU PKWAY,WASHINGTON AVE,0,40.64942222,-73.629741670000,0,9,0,0,2,3,0,1,1,1,0,1,0,0000000,99,99,99,99,99,99,0,0,0,1,0
36,360657,1,1,0,1,1,1,1,81,4170,29,9,2016,5,6,8,0,2,4,4,6,ROCKAWAY FREEWAY,BEACH 59TH ST,0,40.59246111,-73.789063890000,0,8,0,0,3,2,0,1,3,1,0,1,0,0000000,6,8,6,10,6,18,0,0,0,1,0
36,360658,1,1,0,0,0,1,1,29,1899,1,10,2016,7,15,28,0,1,7,3,5,CAIN RD,,0,42.60917222,-78.978022220000,0,11,0,0,1,1,0,1,1,10,0,10,0,0000000,15,34,15,42,15,49,0,0,0,1,0
36,360659,1,1,0,0,0,1,1,57,170,16,9,2016,6,19,45,0,2,7,2,4,CR-14,LAUREL DR,0,42.97127222,-74.170513890000,0,39,0,0,3,3,0,4,3,1,0,1,0,0000000,19,45,19,50,20,30,0,0,0,1,0
36,360660,2,2,0,0,0,2,2,55,4840,2,10,2016,1,2,7,1,1,1,1,1,I-490,,0,43.07794722,-77.484563890000,0,12,2,0,1,1,0,1,3,2,0,2,0,0000000,2,7,2,14,99,99,0,0,0,1,1
36,360661,1,1,0,1,1,1,1,61,4170,4,10,2016,3,9,49,0,2,3,4,6,E HOUSTON ST,COLUMBIA ST,0,40.71987500,-73.978758330000,0,8,0,0,3,2,0,1,1,10,0,10,0,0000000,99,99,99,99,88,88,0,0,0,1,0
36,360662,1,1,0,1,1,1,1,81,4170,5,10,2016,4,0,9,1,1,1,1,1,I-678 VAN WYCK EXPY,,0,40.69711389,-73.813519440000,0,8,0,0,1,1,0,1,3,1,0,1,0,0000000,99,99,99,99,99,99,0,0,0,1,0
36,360663,1,1,0,1,1,1,1,63,3340,4,10,2016,3,21,16,0,1,7,3,5,STONE RD,,0,43.20767222,-78.731600000000,0,8,0,0,1,1,0,1,3,1,0,1,0,0000000,21,16,21,20,88,88,0,0,0,1,0
36,360664,2,2,0,0,0,2,2,107,4220,4,10,2016,3,15,1,0,1,3,1,3,SR-17,,0,42.02701944,-76.445150000000,0,12,2,0,1,1,0,1,1,10,0,10,0,0000000,15,1,15,17,99,99,0,0,0,1,0
36,360665,1,1,0,0,0,1,1,53,1762,24,9,2016,7,1,58,0,1,7,2,4,CR-85,,0,42.83745000,-75.564466670000,0,30,0,0,1,1,0,4,3,10,0,10,0,0000000,1,58,2,5,2,34,0,0,0,1,1
36,360666,2,2,0,0,0,3,3,71,3840,29,8,2016,2,18,22,0,1,4,1,3,SR-17K,BARRON RD,0,41.52435833,-74.179927780000,0,12,2,0,3,2,0,1,1,1,0,1,0,0000000,18,22,18,36,19,30,0,0,0,2,0
36,360667,4,2,2,0,0,2,2,61,4170,5,10,2016,4,21,51,0,2,3,4,6,11TH AVE,W 18TH ST,0,40.74533611,-74.008125000000,0,12,1,0,3,3,0,1,3,1,0,1,0,0000000,99,99,99,99,99,99,0,0,0,1,0
36,360668,1,1,0,0,0,1,1,29,1630,6,10,2016,5,21,22,0,1,7,3,5,OLEAN RD,,0,42.73976389,-78.598583330000,0,30,0,0,1,1,0,4,2,1,0,1,0,0000000,21,26,21,37,88,88,0,0,0,1,0
36,360669,1,1,0,0,0,1,1,75,6319,7,10,2016,6,20,17,0,1,7,3,4,CR-6,,0,43.30935833,-76.350616670000,0,42,0,0,1,1,0,4,2,10,0,10,0,0000000,20,17,20,23,88,88,0,0,0,1,1
36,360670,3,3,0,0,0,4,4,63,4210,7,10,2016,6,6,16,0,2,5,3,5,9521 LOCKPORT RD,,0,43.12122500,-78.952616670000,0,12,7,0,1,1,0,1,4,1,0,1,0,0000000,6,16,6,19,7,3,0,0,0,1,0
36,360671,1,1,0,0,0,1,1,67,1166,24,7,2016,1,3,32,0,1,7,3,5,LAKESHORE RD,,0,43.19914722,-76.045708330000,0,32,0,0,1,1,0,4,3,10,0,10,0,0000000,99,99,99,99,88,88,0,0,0,1,1
36,360672,1,1,0,1,1,1,1,103,1455,9,9,2016,6,19,57,0,2,5,3,5,COMMACK RD,,0,40.76029444,-73.313375000000,0,8,0,0,1,1,0,1,3,1,0,1,0,0000000,20,19,20,22,20,41,0,0,0,1,0
36,360673,1,1,0,1,1,1,1,103,705,13,9,2016,3,16,27,1,1,3,1,3,SR-347,,0,40.86921944,-73.130783330000,0,8,0,0,1,1,0,1,1,1,0,1,0,0000000,99,99,99,99,99,99,0,0,0,1,0
36,360674,1,1,0,0,0,2,2,63,4210,9,9,2016,6,21,25,0,2,6,2,4,CR-384,NIAGARA ST,0,43.08885833,-79.052797220000,0,42,0,0,3,3,0,4,3,1,0,1,0,0000000,21,29,21,31,22,5,0,0,0,1,0
36,360675,1,1,0,0,0,2,2,29,750,16,9,2016,6,23,58,0,2,7,4,6,FILLMORE AVE,N PARADE AVE,0,42.90649444,-78.839022220000,0,30,0,0,3,3,0,4,3,1,0,1,0,0000000,99,99,99,99,99,99,0,0,0,1,1
36,360676,2,2,0,0,0,2,2,59,2600,6,10,2016,5,22,44,0,2,7,3,5,NEWBRIDGE RD,OAK ST,0,40.67284167,-73.538655560000,0,12,6,0,3,3,0,1,3,1,0,1,0,0000000,99,99,99,99,88,88,0,0,0,1,0
36,360677,1,1,0,1,1,2,2,91,3650,6,7,2016,4,22,18,0,2,4,1,2,US-4,SOUTH ST,0,42.89960278,-73.689833330000,0,8,0,0,3,2,0,1,3,1,0,1,0,0000000,99,99,99,99,99,99,0,0,0,1,0
36,360678,1,1,0,1,1,1,1,103,2840,16,9,2016,6,1,9,1,2,3,3,3,SR-110 BROADHOLLOW RD,SPAGNOLI RD,0,40.76288333,-73.423344440000,0,8,0,0,2,2,0,1,2,1,0,1,0,0000000,1,9,1,15,2,10,0,0,0,1,0
36,360679,1,1,0,1,1,1,1,7,1880,21,9,2016,4,21,29,0,2,4,1,3,SR-26,SOUTHERLAND RD,0,42.16998611,-76.072247220000,0,8,0,0,3,3,0,1,2,1,0,1,0,0000000,21,29,21,40,22,0,0,0,0,1,0
36,360680,1,1,0,0,0,1,1,103,5255,24,9,2016,7,8,3,0,1,7,3,4,CR-21,,0,40.92220833,-72.940886110000,0,42,0,0,1,1,0,4,1,10,0,10,0,0000000,99,99,99,99,88,88,0,0,0,1,1