STATE,ST_CASE,VE_TOTAL,VE_FORMS,PVH_INVL,PEDS,PERNOTMVIT,PERMVIT,PERSONS,COUNTY,CITY,DAY,MONTH,YEAR,DAY_WEEK,HOUR,MINUTE,NHS,RUR_URB,FUNC_SYS,RD_OWNER,ROUTE,TWAY_ID,TWAY_ID2,MILEPT,LATITUDE,LONGITUD,SP_JUR,HARM_EV,MAN_COLL,RELJCT1,RELJCT2,TYP_INT,WRK_ZONE,REL_ROAD,LGT_COND,WEATHER1,WEATHER2,WEATHER,SCH_BUS,RAIL,NOT_HOUR,NOT_MIN,ARR_HOUR,ARR_MIN,HOSP_HR,HOSP_MN,CF1,CF2,CF3,FATALS,DRUNK_DR
36,360681,2,2,0,0,0,2,2,57,170,23,9,2016,6,10,39,1,2,7,4,3,SR-30,DIVISION ST,0,42.93947500,-74.193888890000,0,12,1,0,3,2,0,1,1,1,0,1,0,0000000,99,99,99,99,99,99,0,0,0,1,0
36,360682,2,2,0,0,0,2,2,27,6266,24,9,2016,7,13,47,0,1,5,1,3,SR-82,,0,41.72121944,-73.738972220000,0,12,6,0,8,1,0,1,1,1,0,1,0,0000000,13,47,13,50,88,88,0,0,0,1,0
36,360683,1,1,0,1,1,2,2,61,4170,28,9,2016,4,19,40,0,2,7,4,6,1ST AVE,E 118TH ST,0,40.79732778,-73.934433330000,0,8,0,0,3,2,0,1,3,2,0,2,0,0000000,99,99,99,99,99,99,0,0,0,1,0
36,360684,1,1,0,0,0,1,1,79,900,3,10,2016,2,1,50,1,1,1,1,1,I-84,,610,99.99990000,999.999900000000,0,39,0,0,1,1,0,3,2,1,0,1,0,0000000,1,50,2,10,88,88,0,0,0,1,0
36,360685,2,2,0,0,0,2,2,91,6430,7,10,2016,6,15,40,0,2,7,3,5,MIDDLETOWN RD,ROBIN LANE,0,42.80836944,-73.684322220000,0,12,2,0,2,3,0,1,1,1,0,1,0,0000000,99,99,99,99,99,99,0,0,0,1,0
36,360686,1,1,0,1,1,2,2,61,4170,7,10,2016,6,14,47,0,2,7,4,6,E 89TH ST,YORK AVE,0,40.77785556,-73.945700000000,0,8,0,0,3,2,0,1,1,1,0,1,0,0000000,99,99,99,99,99,99,0,0,0,1,0
36,360687,1,1,0,0,0,1,1,59,4090,9,10,2016,1,8,35,0,2,7,3,5,MERRICK AVE,,0,40.72950833,-73.579694440000,0,42,0,0,1,1,0,4,1,1,0,1,0,0000000,8,40,8,40,8,51,0,0,0,1,0
36,360688,1,1,0,1,1,1,1,119,6670,9,10,2016,1,4,58,0,2,6,4,6,WESTCHESTER AVE,,0,41.03012778,-73.748827780000,0,8,0,0,1,1,0,1,3,2,0,2,0,0000000,2,48,99,99,99,99,0,0,0,1,1
36,360689,2,2,0,0,0,2,2,67,1539,8,10,2016,7,6,6,1,1,1,1,1,I-90,,0,99.99990000,999.999900000000,0,12,6,0,1,1,0,1,2,2,0,2,0,0000000,6,6,6,17,88,88,0,0,0,1,0
36,360690,1,1,0,2,2,1,1,33,3460,9,9,2016,6,23,55,0,2,4,1,3,SR-37,,0,44.87061111,-74.338488890000,0,8,0,0,1,1,0,2,2,1,0,1,0,0000000,0,1,0,3,0,30,0,0,0,1,0
36,360691,2,2,0,0,0,7,7,11,5961,17,9,2016,7,13,30,1,1,3,1,3,SR-104,STATE BARN RD,0,43.25198889,-76.647133330000,0,12,2,0,2,4,0,1,1,10,0,10,0,0000000,13,30,13,35,99,99,0,0,0,1,1
36,360692,1,1,0,0,0,2,2,37,410,22,9,2016,5,17,9,1,1,1,1,1,I-90,,3956,99.99990000,999.999900000000,0,1,0,0,1,1,0,1,1,1,0,1,0,0000000,17,9,17,19,17,58,0,0,0,1,0
36,360693,2,2,0,0,0,2,2,27,5110,27,9,2016,3,12,33,0,2,3,1,2,US-9,E KERLEY CORNERS RD,0,42.04305278,-73.847844440000,0,12,6,0,2,2,0,1,1,1,0,1,0,0000000,12,33,12,44,13,20,0,0,0,1,0
36,360694,1,1,0,1,1,1,1,5,4170,10,10,2016,2,21,36,0,2,7,4,6,E 162ND ST,COURTLANDT AVE,0,40.82523056,-73.914788890000,0,8,0,0,3,2,0,1,3,1,0,1,0,0000000,99,99,99,99,88,88,0,0,0,1,0
36,360695,2,1,1,0,0,1,1,47,4170,29,9,2016,5,5,20,0,2,7,4,6,419 FRANKLIN AVE,,0,40.68460833,-73.956336110000,0,14,0,0,1,1,0,7,3,1,0,1,0,0000000,99,99,99,99,99,99,0,0,0,1,0
36,360696,1,1,0,1,1,1,1,47,4170,8,10,2016,7,18,40,0,2,7,4,6,AVE J,,0,40.62471111,-73.965836110000,0,8,0,0,1,1,0,1,3,2,0,2,0,0000000,99,99,99,99,99,99,0,0,0,1,0
36,360697,1,1,0,0,0,2,2,27,470,10,10,2016,2,1,7,0,1,7,4,6,WASHINTON AVE,STONE ST,0,41.50561944,-73.950838890000,0,35,0,0,3,3,0,4,3,1,0,1,0,0000000,1,9,1,39,1,53,0,0,0,1,0
36,360698,2,2,0,0,0,5,5,37,4390,7,10,2016,6,18,22,0,1,7,3,4,CR-16,FISHER RD,0,43.08196944,-78.246919440000,0,12,2,0,3,2,0,1,1,1,0,1,0,0000000,99,99,99,99,99,99,0,0,0,1,0
36,360699,2,2,0,0,0,2,2,85,4170,10,10,2016,2,10,15,0,2,7,4,6,WESTCOTT,BLBD,0,40.61564167,-74.127488890000,0,12,6,0,2,2,0,1,1,1,0,1,0,0000000,99,99,99,99,99,99,0,0,0,1,0
36,360700,1,1,0,1,1,2,2,1,1290,11,10,2016,3,20,21,0,2,3,1,2,US-9,LATHAM FARMS PLAZA,0,42.75442222,-73.758736110000,0,8,0,0,3,2,0,1,3,1,0,1,0,0000000,20,21,20,24,88,88,0,0,0,1,0
36,360701,1,1,0,0,0,1,1,97,2592,11,10,2016,3,16,54,0,1,5,1,3,SR-414,,0,42.39930278,-76.859786110000,0,24,0,0,1,1,0,4,1,1,0,1,0,0000000,16,54,17,0,17,31,0,0,0,1,0
36,360702,1,1,0,0,0,1,1,89,4538,14,10,2016,6,23,45,0,1,5,3,5,OSWEGATCHIE TRAIL RD,,0,44.19752222,-75.069880560000,0,53,0,0,1,1,0,4,3,1,0,1,0,0000000,23,52,0,2,0,11,0,0,0,1,1
36,360703,4,4,0,3,3,7,7,59,2600,14,6,2016,3,23,0,1,2,2,1,3,SR-908T WANTAGH STATE PKWY,,0,40.71416111,-73.530286110000,0,12,1,0,1,1,0,1,3,1,0,1,0,0000000,23,6,23,12,99,99,23,0,0,2,0
36,360704,2,2,0,0,0,2,2,7,3453,11,10,2016,3,16,41,0,1,7,3,4,CR-45,,0,42.21218889,-76.021138890000,0,12,2,0,1,1,0,1,1,1,0,1,0,0000000,16,41,16,46,17,30,0,0,0,1,0
36,360705,1,1,0,1,1,1,1,5,4170,14,10,2016,6,12,25,0,2,7,4,6,WEST FORDHAM RD,SEDGWICK AVE,0,40.86266111,-73.909008330000,0,8,0,0,3,2,0,1,1,1,0,1,1,0000000,99,99,99,99,99,99,0,0,0,1,0
36,360706,1,1,0,1,1,1,1,47,4170,15,9,2016,5,20,30,1,2,3,4,6,86TH ST,BAY PARKWAY,0,40.60191667,-73.993763890000,0,8,0,0,3,2,0,1,5,1,0,1,0,0000000,99,99,99,99,99,99,0,0,0,1,0
36,360707,1,1,0,1,1,1,1,61,4170,4,10,2016,3,16,15,0,2,4,4,6,5TH AVE,E 135TH ST,0,40.81275000,-73.937611110000,0,8,0,0,3,2,0,1,1,1,0,1,0,0000000,99,99,99,99,99,99,0,0,0,1,0
36,360708,1,1,0,1,1,5,5,61,4170,24,9,2016,7,15,57,0,2,7,4,6,WEST 52ND ST,,0,40.76126389,-73.979830560000,0,8,0,0,1,1,0,1,1,1,0,1,0,0000000,99,99,99,99,99,99,0,0,0,1,0
36,360709,1,1,0,0,0,1,1,89,2330,14,10,2016,6,16,9,0,1,5,3,5,EMERYVILLE RD,,0,44.30979167,-75.416169440000,0,42,0,0,1,1,0,4,1,1,0,1,0,0000000,16,9,16,20,88,88,0,0,0,1,0
36,360710,2,2,0,0,0,3,3,105,6800,7,9,2016,4,8,25,1,1,3,1,3,SR-17,,0,41.60059444,-74.551483330000,0,12,1,0,1,1,0,1,1,1,0,1,0,0000000,8,25,8,32,11,5,0,0,0,1,0
36,360711,3,1,2,0,1,1,2,103,2920,13,9,2016,3,18,43,0,1,7,3,4,CR-85 MONTAUK HWY,,0,40.73866944,-73.121547220000,0,14,0,0,1,1,0,5,1,1,0,1,0,0000000,18,43,18,48,99,99,0,0,0,1,0
36,360712,2,2,0,0,0,2,2,55,5600,6,10,2016,5,23,43,0,1,6,2,4,CR-383,MCGINNIS RD,0,42.99787778,-77.860680560000,0,12,1,0,3,3,0,1,3,1,0,1,0,0000000,23,44,23,53,0,45,0,0,0,1,2
36,360713,12,1,11,0,0,1,1,67,6010,14,10,2016,6,4,36,1,2,3,4,3,SR-5 ERIE BLVD E,,0,43.05331667,-76.108341670000,0,38,0,0,1,1,0,4,3,1,0,1,0,0000000,4,36,4,39,4,59,0,0,0,1,1
36,360714,1,1,0,0,0,1,1,119,1379,15,10,2016,7,10,53,0,2,4,1,3,SR-9A,,0,41.25543889,-73.933597220000,0,30,0,0,1,1,0,4,1,1,0,1,0,0000000,10,53,10,54,11,8,0,0,0,1,0
36,360715,1,1,0,1,1,1,1,61,4170,15,10,2016,7,9,59,0,2,7,4,6,WEST 158TH ST,BROADWAY,0,40.83462778,-73.944300000000,0,8,0,0,3,2,0,1,1,1,0,1,0,0000000,99,99,99,99,99,99,0,0,0,1,0
36,360716,1,1,0,0,0,1,1,69,830,14,10,2016,6,6,2,1,1,3,3,3,SR-21,,0,42.76170278,-77.358050000000,0,24,0,0,1,1,0,4,4,10,0,10,0,0000000,6,2,6,18,6,52,0,0,0,1,0
36,360717,1,1,0,1,1,1,1,81,4170,16,10,2016,1,17,58,0,2,4,4,6,MORTHERN BLVD,PRINCE ST,0,40.76292778,-73.833350000000,0,8,0,0,3,2,0,1,3,1,0,1,0,0000000,99,99,99,99,99,99,0,0,0,1,0
36,360718,3,3,0,0,0,6,6,5,4170,15,10,2016,7,2,23,1,2,1,1,1,I-87 MAJOR DEEGAN EXPY,,0,40.86422222,-73.910205560000,0,12,1,0,1,1,0,1,3,1,0,1,0,0000000,99,99,99,99,99,99,0,0,0,1,0
36,360719,1,1,0,1,1,1,1,115,2360,5,10,2016,4,14,28,0,2,6,2,4,CR-149,,0,43.39940833,-73.265913890000,0,15,0,0,1,1,0,1,1,5,0,5,0,0000000,14,30,14,35,15,35,0,0,0,1,0
36,360720,1,1,0,1,1,1,1,5,4170,18,10,2016,3,16,20,0,2,5,4,6,CASTLE HILL AVE,STARLING AVE,0,40.83630833,-73.852205560000,0,8,0,0,3,2,0,1,1,1,0,1,0,0000000,99,99,99,99,99,99,0,0,0,1,0
36,360721,2,2,0,0,0,2,2,103,1650,18,10,2016,3,12,39,1,1,3,1,3,SR-27 MONTAUK HWY,,0,41.02930556,-71.979630560000,0,12,2,0,1,1,0,1,1,1,0,1,0,0000000,12,38,12,47,99,99,0,0,0,1,0
36,360722,1,1,0,1,1,1,1,109,3146,19,10,2016,4,21,21,0,1,5,3,3,SR-34B RIDGE RD,,0,42.58695000,-76.589569440000,0,8,0,0,1,1,0,1,3,1,0,1,0,0000000,21,21,21,25,88,88,0,0,0,1,0
36,360723,1,1,0,0,0,1,1,103,3673,18,10,2016,3,19,5,0,2,7,3,5,OLD COUNTRY RD,,0,40.79745278,-73.403358330000,0,24,0,0,1,1,0,4,3,1,0,1,0,0000000,19,6,19,10,19,53,0,0,0,1,0
36,360724,2,2,0,1,1,3,3,55,5230,15,9,2016,5,18,38,0,2,7,4,6,WESTFALL RD,,0,43.11465000,-77.616780560000,0,8,0,0,1,1,0,1,1,1,0,1,0,0000000,18,38,18,40,19,0,0,0,0,1,0
36,360725,1,1,0,1,1,1,1,61,4170,21,10,2016,6,17,30,0,2,3,4,6,WATER ST,WHITEHALL ST,0,40.70243056,-74.012866670000,0,8,0,0,3,2,0,1,1,10,0,10,0,0000000,99,99,99,99,99,99,0,0,0,1,0
36,360726,2,2,0,0,0,2,2,27,5030,25,9,2016,1,17,47,0,2,3,1,2,US-9,,0,41.62916389,-73.916008330000,0,12,6,0,8,1,0,1,1,10,0,10,0,0000000,17,47,17,53,18,6,0,0,0,1,0
36,360727,1,1,0,0,0,1,1,103,5810,25,9,2016,1,16,43,1,1,2,1,3,SR-27,,0,40.87781944,-72.541691670000,0,42,0,0,5,1,0,4,1,1,0,1,0,0000000,99,99,99,99,88,88,0,0,0,1,0
36,360728,1,1,0,1,1,1,1,5,4170,22,10,2016,7,20,30,0,2,7,4,6,118 BRUCKNER BLVD,,0,40.80449722,-73.921975000000,0,8,0,0,1,1,0,1,3,1,0,1,0,0000000,99,99,99,99,99,99,0,0,0,1,0
36,360729,1,1,0,0,0,2,2,71,2320,25,9,2016,1,22,34,0,1,4,2,4,CR-6,,0,41.32141389,-74.433283330000,0,1,0,0,1,1,0,4,2,1,0,1,0,0000000,22,37,22,56,88,88,0,0,0,2,1
36,360730,1,1,0,0,0,1,1,11,6180,13,10,2016,5,20,11,0,1,5,1,3,SR-326,,0,42.88682778,-76.644294440000,0,34,0,0,1,1,0,4,2,1,0,1,0,0000000,20,13,20,17,0,13,0,0,0,1,0
36,360731,1,1,0,0,0,2,2,57,2050,25,10,2016,3,3,40,0,1,7,3,5,VAN ANTWERP RD,SAMEK RD,0,42.98252778,-74.341813890000,0,34,0,0,3,4,0,4,2,1,0,1,0,0000000,3,41,3,47,8,5,0,0,0,1,0
36,360732,1,1,0,2,2,1,1,81,4170,24,10,2016,2,6,40,0,2,3,4,6,CROSS BAY BLVD,149TH ST,0,40.67050556,-73.842838890000,0,8,0,0,3,2,0,1,3,1,0,1,0,0000000,99,99,99,99,99,99,0,0,0,1,0
36,360733,1,1,0,1,1,1,1,1,50,13,10,2016,5,20,18,1,2,1,1,1,I-787,,0,42.63651944,-73.758108330000,0,8,0,0,1,1,0,1,2,1,0,1,0,0000000,22,0,22,24,88,88,0,0,0,1,0
36,360734,2,2,0,0,0,3,3,119,6040,28,10,2016,6,14,15,0,1,4,1,3,SR-100A W HARTSDALE AVE,,0,41.02491111,-73.806427780000,0,12,2,0,1,1,0,1,1,1,0,1,0,0000000,14,15,14,20,14,56,0,0,0,2,1
36,360735,2,2,0,0,0,2,2,65,6275,11,10,2016,3,13,39,0,1,4,1,3,SR-31,IRISH RIDGE RD,0,43.14513889,-75.652155560000,0,12,6,0,2,2,0,1,1,1,0,1,0,0000000,13,39,13,46,88,88,0,0,0,1,0
36,360736,1,1,0,0,0,6,6,91,2232,30,10,2016,1,9,3,1,1,1,1,1,I-87,,0,43.23325833,-73.692038890000,0,1,0,0,1,1,0,3,1,1,0,1,0,0000000,9,3,9,10,99,99,0,0,0,1,0
36,360737,1,1,0,1,1,1,1,103,2920,30,10,2016,1,4,35,0,2,7,3,5,SUFFOLK AVE,APPLEGATE DR,0,40.78810833,-73.214605560000,0,8,0,0,1,1,0,1,3,1,0,1,0,0000000,4,35,4,41,88,88,0,0,0,1,0
36,360738,3,3,0,0,0,8,8,85,4170,23,10,2016,1,2,15,1,1,3,1,3,SR-440,,0,40.56266389,-74.196950000000,0,12,1,0,1,1,0,1,3,1,0,1,0,0000000,99,99,99,99,99,99,0,0,0,1,2
36,360739,1,1,0,1,1,1,1,59,2600,31,10,2016,2,8,28,0,2,7,3,5,AUSTIN BLVD,EMERSON PL,0,40.59895278,-73.655502780000,0,8,0,0,3,2,0,1,1,1,0,1,0,0000000,8,50,10,30,88,88,0,0,0,1,0
36,360740,1,1,0,1,1,1,1,47,4170,1,11,2016,3,5,20,1,2,2,4,6,WILLIAMSBURG BRIDGE,,0,40.71255278,-73.969113890000,0,8,0,0,1,1,0,1,3,1,0,1,0,0000000,99,99,99,99,88,88,0,0,0,1,0
36,360741,2,2,0,0,0,2,2,63,4210,20,10,2016,5,6,57,0,2,7,4,6,NIAGARA FALLS BLVD,89TH ST,0,43.09281667,-78.960175000000,0,12,6,0,2,2,0,1,3,2,0,2,0,0000000,6,57,6,59,7,20,0,0,0,1,0
36,360742,2,1,1,0,0,1,1,5,4170,2,11,2016,4,10,57,0,2,7,4,6,E 219TH ST,BARNES AVE,0,40.88281667,-73.859863890000,0,42,0,0,3,2,0,4,1,1,0,1,0,0000000,99,99,99,99,99,99,0,0,0,1,0
36,360743,2,2,0,0,0,2,2,19,1817,6,9,2016,3,13,46,0,1,7,3,5,BULL RUN RD,MISSILE SITE RD,0,44.91235000,-73.823177780000,0,12,6,0,3,3,0,1,1,1,0,1,0,0000000,13,46,13,48,88,88,0,0,0,1,0
36,360744,2,2,0,0,0,2,2,59,2600,20,8,2016,7,19,33,1,1,2,1,3,SR-908M SOUTHERN STATE PKWY,,0,40.68202500,-73.691552780000,0,12,6,1,17,1,0,1,1,1,0,1,0,0000000,19,33,19,45,19,56,0,0,0,1,0
36,360745,1,1,0,1,1,1,1,91,6731,26,10,2016,4,6,25,0,1,7,3,5,BALLARD RD,,0,43.17811389,-73.739438890000,0,8,0,0,1,1,0,1,2,10,0,10,0,0000000,6,28,6,44,6,51,23,0,0,1,0
36,360746,1,1,0,1,1,2,2,59,2600,28,10,2016,6,7,25,0,2,7,3,5,S FRANKLIN ST,GROVE ST,0,40.70235000,-73.624894440000,0,8,0,0,3,2,0,1,4,10,0,10,0,0000000,99,99,7,41,7,47,0,0,0,1,0
36,360747,1,1,0,0,0,1,1,59,2600,21,10,2016,6,15,11,1,1,3,1,3,SR-908E,,0,99.99990000,999.999900000000,0,42,0,0,1,1,0,4,1,2,0,2,0,0000000,15,11,15,35,15,50,0,0,0,1,0
36,360748,1,1,0,0,0,3,3,103,1710,18,10,2016,3,21,51,0,1,4,2,4,CR-51,,0,40.87390278,-72.712058330000,0,42,0,0,1,1,0,4,2,1,0,1,0,0000000,21,51,21,59,0,17,0,0,0,2,0
36,360749,6,4,2,1,1,5,5,59,2600,4,11,2016,6,21,24,0,2,4,1,3,SR-105 JERUSALEM AVE,GEORGE RD,0,40.69154167,-73.532669440000,0,12,1,0,3,3,0,1,3,1,0,1,0,0000000,99,99,99,99,99,99,0,0,0,2,0
36,360750,1,1,0,1,1,1,1,103,2920,16,9,2016,6,1,58,0,2,7,3,5,SUFFOLK AVE,,0,40.79047778,-73.202841670000,0,8,0,0,1,1,0,1,3,10,0,10,0,0000000,99,99,99,99,99,99,0,0,0,1,0
36,360751,2,2,0,0,0,2,2,119,1379,20,10,2016,5,11,10,0,2,3,1,2,US-202,GARDEN LANE,0,41.29116944,-73.850180560000,0,12,6,0,2,3,0,1,1,10,0,10,0,0000000,11,10,11,19,11,55,0,0,0,1,0
36,360752,1,1,0,1,1,1,1,29,750,2,11,2016,4,7,20,0,1,7,3,5,WILLARDSHIRE RD,,0,42.77736389,-78.652633330000,0,8,0,0,1,1,0,1,3,1,0,1,1,0000000,7,20,7,29,88,88,19,0,0,1,0
36,360753,2,2,0,0,0,3,3,101,1360,2,11,2016,4,8,55,0,1,4,1,3,SR-352 E CORNING RD,,0,42.12243056,-76.996094440000,0,12,2,0,1,1,0,1,1,10,0,10,0,0000000,8,55,9,5,12,30,0,0,0,1,0
36,360754,3,3,0,0,0,4,4,67,1166,3,10,2016,2,6,31,1,2,1,1,1,I-81,,0,43.15295000,-76.110477780000,0,12,1,0,1,1,0,1,3,10,0,10,0,0000000,6,31,6,36,7,6,0,0,0,1,0
36,360755,2,2,0,0,0,2,2,27,3760,14,10,2016,6,19,56,1,1,3,1,2,US-44,SR-82,0,41.77997778,-73.736519440000,0,12,7,0,2,4,0,1,3,1,0,1,0,0000000,19,56,20,12,20,40,20,0,0,1,0
36,360756,2,2,0,0,0,2,2,95,3710,17,6,2016,6,19,0,0,2,7,3,6,121 GREIBEL LANE,,0,42.60252778,-74.332327780000,0,1,0,0,1,1,0,5,1,1,0,1,0,0000000,19,12,19,15,20,33,20,0,0,1,0
36,360757,1,1,0,1,1,1,1,57,820,10,10,2016,2,6,26,1,1,1,1,1,I-90,,1930,42.90630833,-74.583008330000,0,8,0,0,1,1,0,2,2,1,0,1,0,0000000,6,37,6,45,88,88,23,0,0,1,0
36,360758,2,2,0,0,0,4,4,99,6440,26,10,2016,4,17,0,0,1,3,2,4,CR-119,,0,42.88100556,-76.916675000000,0,12,6,0,1,1,0,1,1,1,0,1,0,0000000,99,99,99,99,99,99,0,0,0,1,0
36,360759,2,2,0,0,0,2,2,89,9997,1,11,2016,3,6,25,0,1,7,2,4,CR-23A,,0,44.21441944,-75.223400000000,0,12,2,0,1,1,0,1,2,10,0,10,0,0000000,6,25,6,43,99,99,0,0,0,1,0
36,360760,1,1,0,0,0,1,1,103,2920,10,9,2016,7,3,55,0,2,7,3,3,SR-111,SYCAMORE ST,0,40.76858333,-73.210791670000,0,30,0,0,3,3,0,4,3,1,0,1,0,0000000,99,99,99,99,99,99,0,0,0,1,1
36,360761,2,2,0,0,0,3,3,103,5210,3,11,2016,5,17,23,1,1,3,1,3,SR-25A SOUND AVE,LITTLE LEAF CT,0,40.94490000,-72.831444440000,0,12,2,0,2,3,0,1,5,1,0,1,0,0000000,17,23,17,28,18,13,0,0,0,1,0
36,360762,2,2,0,0,0,3,3,59,2160,2,11,2016,4,20,19,0,2,7,4,6,E SEAMAN AVE,RUTLAND RD,0,40.66649167,-73.578216670000,0,12,6,0,2,2,0,1,3,1,0,1,0,0000000,20,19,20,21,99,99,0,0,0,1,0
36,360763,1,1,0,1,1,2,2,65,6220,2,8,2016,3,23,40,0,2,4,2,4,CR-5,NOYES ST,0,43.09759167,-75.250213890000,0,8,0,0,3,2,0,1,3,1,0,1,0,0000000,99,99,99,99,99,99,0,0,0,1,0
36,360764,1,1,0,1,1,1,1,81,4170,4,11,2016,6,23,31,0,2,7,4,6,41ST AVE,104TH ST,0,40.74928889,-73.861441670000,0,8,0,0,3,3,0,1,3,1,0,1,0,0000000,99,99,99,99,99,99,0,0,0,1,0
36,360765,2,2,0,0,0,4,4,29,6642,16,7,2016,7,12,58,0,2,3,1,3,SR-277 UNION RD,TOWN RD,0,42.84670556,-78.754386110000,0,12,2,0,3,2,0,1,1,1,0,1,0,0000000,12,59,13,2,13,54,0,0,0,1,0
36,360766,2,2,0,0,0,2,2,103,2728,15,10,2016,7,12,32,0,2,7,3,5,COATES AVE,LEONARD ST,0,40.78943056,-73.079402780000,0,12,6,0,2,3,0,1,1,1,0,1,0,0000000,99,99,99,99,99,99,0,0,0,1,0
36,360767,1,1,0,1,1,1,1,29,5940,4,11,2016,6,15,34,0,2,4,1,3,SR-39,,0,42.50862500,-78.666991670000,0,8,0,0,1,1,0,1,1,1,0,1,1,0000000,15,36,15,38,15,50,0,0,0,1,0
36,360768,2,2,0,1,1,3,3,59,2600,3,11,2016,5,7,5,0,2,7,3,5,WASHINGTON ST,BURR AVE,0,40.71467500,-73.623361110000,0,8,0,0,3,3,0,1,1,1,0,1,0,0000000,7,5,7,7,99,99,0,0,0,1,0
36,360769,1,1,0,0,0,1,1,123,9999,6,11,2016,1,5,28,0,1,4,1,3,SR-245,,0,42.66910833,-77.297161110000,0,35,0,0,1,1,0,4,2,10,0,10,0,0000000,5,38,5,58,88,88,0,0,0,1,0
36,360770,1,1,0,0,0,1,1,59,5290,4,3,2016,6,13,45,0,2,7,3,5,36 MAIN ST,,0,40.79894167,-73.650219440000,0,39,0,0,1,1,0,4,1,10,0,10,0,0000000,99,99,99,99,99,99,0,0,0,1,0
36,360771,3,3,0,0,0,7,7,119,5802,31,10,2016,2,14,14,0,1,4,1,3,SR-139 PRIMROSE ST,,0,41.31160000,-73.717038890000,0,12,2,0,1,1,0,1,1,1,0,1,1,0000000,14,26,15,5,15,40,0,0,0,1,0
36,360772,4,2,2,0,0,2,2,59,4286,6,2,2016,7,13,40,0,2,6,2,6,N BROADWAY,N WISCONSON AVE,0,40.71251389,-73.461158330000,0,12,6,0,2,2,0,1,1,1,0,1,0,0000000,99,99,99,99,99,99,0,0,0,1,0
36,360773,1,1,0,0,0,1,1,59,4090,5,11,2016,7,10,55,0,2,7,3,5,PLUM TREE RD N,ELDA LN,0,40.74572222,-73.563188890000,0,33,0,0,3,3,0,4,1,1,0,1,0,0000000,11,2,11,7,11,22,0,0,0,1,0
36,360774,1,1,0,0,0,1,1,103,3715,5,10,2016,4,0,4,0,2,6,3,5,E BARTLETT RD,,0,40.87170000,-72.957655560000,0,42,0,0,1,1,0,4,2,1,0,1,0,0000000,0,4,0,11,0,35,0,0,0,1,0
36,360775,3,3,0,0,0,3,3,67,1166,3,9,2016,7,12,27,1,2,3,1,3,SR-31,,0,43.17736389,-76.078505560000,0,12,6,0,8,1,0,1,1,1,0,1,0,0000000,12,27,12,34,13,5,0,0,0,1,0
36,360776,1,1,0,0,0,1,1,103,6812,11,10,2016,3,13,55,0,2,7,3,5,ZORN BLVD,,0,40.81125000,-72.940241670000,0,39,0,0,1,1,0,4,1,1,0,1,0,0000000,13,57,14,5,14,29,0,0,0,1,1