STATE,ST_CASE,VE_TOTAL,VE_FORMS,PVH_INVL,PEDS,PERNOTMVIT,PERMVIT,PERSONS,COUNTY,CITY,DAY,MONTH,YEAR,DAY_WEEK,HOUR,MINUTE,NHS,RUR_URB,FUNC_SYS,RD_OWNER,ROUTE,TWAY_ID,TWAY_ID2,MILEPT,LATITUDE,LONGITUD,SP_JUR,HARM_EV,MAN_COLL,RELJCT1,RELJCT2,TYP_INT,WRK_ZONE,REL_ROAD,LGT_COND,WEATHER1,WEATHER2,WEATHER,SCH_BUS,RAIL,NOT_HOUR,NOT_MIN,ARR_HOUR,ARR_MIN,HOSP_HR,HOSP_MN,CF1,CF2,CF3,FATALS,DRUNK_DR
36,360873,2,1,1,3,3,1,1,5,4170,15,12,2016,5,1,54,1,2,1,1,1,I-95,,0,40.86673611,-73.831872220000,0,14,0,0,1,1,0,2,3,1,0,1,0,0000000,99,99,99,99,99,99,23,0,0,1,0
36,360874,2,2,0,0,0,3,3,29,156,15,12,2016,5,12,54,0,2,4,3,5,JOHN JAMES AUBUBON PKWY,RENSCH RD,0,43.00013611,-78.797058330000,0,12,2,0,2,2,0,1,1,10,0,10,0,0000000,12,57,13,3,13,16,0,0,0,1,0
36,360875,1,1,0,0,0,1,1,87,5980,17,12,2016,7,0,41,1,1,3,1,3,SR-987C PALISADES INT PKWY,,0,41.24555833,-74.030213890000,0,42,0,0,1,1,0,3,2,10,0,10,0,0000000,99,99,99,99,88,88,0,0,0,1,0
36,360876,2,2,0,0,0,2,2,55,680,9,12,2016,6,7,33,1,1,3,1,3,SR-31,,0,43.19823889,-77.920344440000,0,12,2,0,1,1,0,1,1,4,0,4,0,0000000,7,33,7,42,99,99,0,0,0,1,0
36,360877,1,1,0,1,1,1,1,47,4170,19,12,2016,2,4,3,0,2,3,4,6,JAMAICA AVE,SHEFFIELD AVE,0,40.66310556,-73.894666670000,0,8,0,0,3,2,0,1,3,1,0,1,0,0000000,4,3,4,21,4,31,0,0,0,1,0
36,360878,1,1,0,1,1,1,1,47,4170,19,12,2016,2,22,21,1,2,3,4,6,AVE U,,0,40.60360278,-73.932133330000,0,8,0,0,1,1,0,4,3,1,0,1,0,0000000,99,99,99,99,99,99,0,0,0,1,0
36,360879,1,1,0,1,1,3,3,47,4170,13,12,2016,3,23,41,0,2,7,4,6,60TH ST,,0,40.62812778,-73.997347220000,0,8,0,0,1,1,0,1,3,1,0,1,0,0000000,99,99,99,99,99,99,0,0,0,1,0
36,360880,2,2,0,0,0,3,3,109,2460,23,7,2016,7,9,29,0,2,6,2,4,CR-38,,0,42.59440278,-76.368497220000,0,12,9,0,8,1,0,1,1,1,0,1,0,0000000,99,99,99,99,99,99,0,0,0,1,0
36,360881,2,2,0,0,0,3,3,117,5790,9,12,2016,6,17,54,1,1,3,1,3,SR-104,,0,43.22198889,-77.019605560000,0,12,6,0,1,1,0,1,2,4,0,4,0,0000000,17,54,17,56,99,99,0,0,0,1,0
36,360882,1,1,0,1,1,1,1,55,2898,20,12,2016,3,6,0,0,1,7,3,5,HUDSON AVE,,0,43.19639167,-77.600161110000,0,8,0,0,1,1,0,1,3,10,0,10,0,0000000,6,0,6,5,6,31,0,0,0,1,0
36,360883,2,2,0,0,0,4,4,11,6180,14,12,2016,4,21,31,0,1,3,1,3,SR-326,,0,42.87049444,-76.666294440000,0,12,6,0,1,1,0,1,2,10,0,10,0,0000000,21,43,21,43,99,99,0,0,0,1,0
36,360884,2,2,0,0,0,2,2,101,420,13,12,2016,3,10,38,1,2,1,1,1,I-86,,0,42.33944444,-77.337397220000,0,12,1,0,5,1,0,1,1,10,0,10,0,0000000,10,38,10,45,11,43,0,0,0,1,0
36,360885,1,1,0,0,0,2,2,29,1630,24,12,2016,7,9,18,0,2,5,1,3,SR-240,,0,42.71560278,-78.679594440000,0,24,0,0,1,1,0,4,1,2,0,2,0,0000000,9,18,9,25,99,99,0,0,0,1,0
36,360886,1,1,0,1,1,1,1,47,4170,13,11,2016,1,17,15,0,2,4,4,6,RALPH AVE,AVE J,0,40.62877222,-73.918272220000,0,8,0,0,3,2,0,1,3,1,0,1,0,0000000,99,99,99,99,99,99,0,0,0,1,0
36,360887,1,1,0,0,0,2,2,27,1565,23,12,2016,6,7,15,0,1,7,3,5,WEIL RD,,0,41.67342778,-73.543063890000,0,1,0,0,1,1,0,5,2,1,0,1,0,0000000,8,45,10,0,88,88,0,0,0,2,1
36,360888,2,2,0,0,0,5,5,43,2120,13,12,2016,3,0,8,0,1,7,2,4,CR-186,,0,43.03030278,-75.170380560000,0,12,2,0,1,1,0,1,2,4,0,4,0,0000000,0,15,0,25,0,55,0,0,0,1,0
36,360889,1,1,0,0,0,2,2,59,4600,24,12,2016,7,6,5,0,2,7,3,5,WOODBURY RD,,0,40.77427778,-73.514355560000,0,42,0,0,1,1,0,4,3,2,0,2,0,0000000,6,8,6,12,88,88,0,0,0,2,0
36,360890,4,4,0,0,0,9,9,5,4170,27,12,2016,3,5,41,1,2,1,1,1,I-95 CROSS BRONX EXPY,,0,40.84463333,-73.903530560000,0,12,1,0,1,1,0,1,4,10,0,10,0,0000000,99,99,99,99,99,99,0,0,0,3,0
36,360891,1,1,0,0,0,1,1,71,4130,22,12,2016,5,18,44,1,1,3,1,2,US-9W,,0,41.47161944,-74.017941670000,0,42,0,0,1,1,0,4,3,1,0,1,0,0000000,18,44,18,48,88,88,0,0,0,1,1
36,360892,4,4,0,0,0,7,7,103,2840,26,12,2016,2,21,52,0,2,7,3,5,LARKFIELD RD,5TH AVE,0,40.87286111,-73.323538890000,0,12,1,0,3,2,0,1,3,10,0,10,0,0000000,21,53,22,2,22,32,0,0,0,1,0
36,360893,1,1,0,1,1,1,1,5,4170,27,12,2016,3,11,32,0,2,7,4,6,E 180TH ST,HUGHES AVE,0,40.84892222,-73.890422220000,0,8,0,0,3,2,0,1,1,10,0,10,0,0000000,99,99,99,99,99,99,0,0,0,1,0
36,360894,1,1,0,1,1,1,1,47,4170,28,12,2016,4,19,13,0,2,5,4,6,LOUISIAN AVE,FLATLANDS AVE,0,40.65109167,-73.889958330000,0,8,0,0,3,2,0,1,3,1,0,1,0,0000000,99,99,99,99,99,99,0,0,0,1,0
36,360895,1,1,0,1,1,3,3,81,4170,28,12,2016,4,20,13,1,2,2,1,3,SR-907A CROSS BRONX EXPY,,0,40.70765833,-73.727538890000,0,8,0,0,1,1,0,1,3,1,0,1,0,0000000,99,99,99,99,99,99,0,0,0,1,0
36,360896,1,1,0,1,1,1,1,85,4170,27,12,2016,3,21,5,0,2,7,4,6,MAIN ST,BENTLEY LANE,0,40.50971111,-74.247502780000,0,8,0,0,2,3,0,1,3,1,0,1,0,0000000,99,99,99,99,99,99,0,0,0,1,0
36,360897,1,1,0,0,0,1,1,117,4030,26,12,2016,2,21,40,0,1,5,1,3,SR-88,,0,43.10913333,-77.078513890000,0,35,0,0,1,1,0,4,2,10,0,10,0,0000000,21,45,21,53,88,88,0,0,0,1,0
36,360898,1,1,0,1,1,1,1,1,50,23,12,2016,6,19,12,0,2,7,4,6,WASHINGTON AVE EXT,SPRINGSTEEN RD,0,42.69601111,-73.849841670000,0,8,0,0,3,2,0,1,3,10,0,10,0,0000000,19,13,19,15,88,88,0,0,0,1,1
36,360899,2,2,0,0,0,4,4,65,6220,28,12,2016,4,10,42,1,1,3,1,3,SR-8,SR-28,0,43.22996944,-75.087961110000,0,12,6,0,2,3,0,1,1,4,0,4,0,0000000,10,42,10,42,99,99,0,0,0,1,0
36,360900,1,1,0,0,0,2,2,29,1844,29,12,2016,5,17,20,0,1,5,1,3,SR-354 CLINTON ST,,0,42.85537222,-78.667538890000,0,32,0,0,1,1,0,4,3,1,0,1,0,0000000,17,20,17,34,99,99,0,0,0,1,0
36,360901,1,1,0,1,1,1,1,119,4930,26,10,2016,4,6,42,0,2,7,3,5,WESTCHESTER AVE,HASECO AVE,0,41.00337500,-73.669169440000,0,8,0,0,2,3,0,1,3,1,0,1,0,0000000,6,42,6,45,99,99,0,0,0,1,0
36,360902,4,4,0,0,0,5,5,1,1290,11,10,2016,3,18,41,1,1,2,1,3,SR-7,,15,42.75670556,-73.734558330000,0,12,7,0,1,1,0,1,2,1,0,1,0,0000000,18,41,18,41,99,99,0,0,0,1,1
36,360903,1,1,0,1,1,1,1,67,1166,13,11,2016,1,6,5,1,2,3,1,2,US-11,,0,43.14518333,-76.126783330000,0,8,0,0,1,1,0,1,2,10,0,10,0,0000000,6,6,6,16,6,30,0,0,0,1,0
36,360904,2,2,0,0,0,2,2,65,6626,29,12,2016,5,11,26,1,1,3,1,3,SR-5,,0,43.08054167,-75.401716670000,0,12,6,0,1,1,0,1,1,4,0,4,0,0000000,11,28,11,32,88,88,0,0,0,1,0
36,360905,2,2,0,1,1,2,2,79,630,21,12,2016,4,18,9,0,1,4,1,2,US-6 DANBURY RD,,0,41.38593889,-73.581908330000,0,8,0,0,1,1,0,1,2,1,0,1,0,0000000,18,9,18,14,88,88,0,0,0,1,0
36,360906,2,2,0,0,0,3,3,11,5633,29,12,2016,5,7,27,0,1,3,1,3,SR-34,,0,42.99811389,-76.563261110000,0,12,6,0,1,1,0,1,1,4,0,4,0,0000000,7,27,7,35,7,59,0,0,0,1,0
36,360907,1,1,0,1,1,1,1,81,4170,19,12,2016,2,12,30,0,2,7,4,6,35-32 21ST ST,,0,40.76085833,-73.935919440000,0,8,0,0,1,1,0,1,1,1,0,1,0,0000000,99,99,99,99,99,99,0,0,0,1,0
36,360908,1,1,0,1,1,1,1,119,2555,29,12,2016,5,6,45,1,1,1,1,1,I-95,,108,99.99990000,999.999900000000,0,8,0,0,1,1,0,1,3,10,0,10,0,0000000,6,54,7,1,7,39,0,0,0,1,0
36,360909,2,2,0,0,0,2,2,103,5210,30,12,2016,6,5,54,1,2,3,3,4,CR-58 OLD COUNTRY RD,HARRISON AVE,0,40.93004167,-72.681088890000,0,12,2,0,2,2,0,1,3,1,0,1,0,0000000,5,57,6,0,6,16,0,0,0,1,0
36,360910,1,1,0,0,0,2,2,39,970,6,12,2016,3,14,3,0,1,7,2,4,CR-47,,0,42.15721944,-73.946586110000,0,42,0,0,1,1,0,4,1,10,0,10,0,0000000,14,7,14,16,15,46,0,0,0,1,0
36,360911,1,1,0,1,1,3,3,103,5810,20,11,2016,1,2,22,1,1,2,1,3,SR-27 SUNRISE HWY,,0,40.88356944,-72.529136110000,0,8,0,0,1,1,0,1,2,2,0,2,0,0000000,2,28,2,31,2,49,0,0,0,1,0
36,360912,2,2,0,0,0,4,4,65,6270,30,12,2016,6,1,57,1,1,3,1,3,SR-5,,0,43.07405833,-75.468747220000,0,12,6,0,1,1,0,1,2,4,0,4,0,0000000,1,58,2,5,99,99,0,0,0,1,0
36,360913,1,1,0,0,0,2,2,63,9997,23,12,2016,6,13,24,0,1,3,1,3,SR-429,LOCKPORT RD,0,43.12024444,-78.889847220000,0,42,0,0,1,1,0,4,1,10,0,10,0,0000000,13,26,13,44,14,6,0,0,0,1,0
36,360914,2,2,0,0,0,2,2,91,6731,22,12,2016,5,5,58,1,1,1,1,1,I-87,,309,43.10259722,-73.752750000000,0,12,1,0,7,1,0,1,2,4,0,4,0,0000000,6,8,6,14,6,59,0,0,0,1,0
36,360915,1,1,0,1,1,1,1,55,5230,29,12,2016,5,2,36,0,2,7,4,6,BEAUFORT ST,HENRIETTA ST,0,43.13989167,-77.592311110000,0,8,0,0,8,1,0,5,3,10,0,10,0,0000000,99,99,99,99,99,99,0,0,0,1,1
36,360916,1,1,0,0,0,1,1,105,1954,28,12,2016,4,5,27,0,1,7,2,4,CR-57,,0,41.67673056,-74.572983330000,0,42,0,0,1,1,0,4,2,10,0,10,0,0000000,5,27,5,40,6,53,0,0,0,1,0
36,360917,1,1,0,0,0,3,3,15,2800,13,10,2016,5,0,11,1,1,1,1,1,I-86,,0,42.15152500,-76.805986110000,0,30,0,1,5,1,0,4,2,10,0,10,0,0000000,0,16,0,23,99,99,0,0,0,1,1
36,360918,1,1,0,0,0,1,1,1,5090,14,12,2016,4,0,2,1,1,3,3,2,US-9W,,0,42.49789167,-73.820963890000,0,1,0,0,1,1,0,4,2,1,0,1,0,0000000,0,5,0,10,88,88,0,0,0,1,0
36,360919,1,1,0,1,1,1,1,119,4890,24,1,2016,1,11,5,0,1,7,3,5,520 WASHINGTON AVE,,0,41.14903611,-73.781997220000,0,8,0,0,1,1,0,1,1,1,0,1,0,0000000,11,6,11,20,12,0,0,0,0,1,0
36,360920,1,1,0,1,1,1,1,5,4170,16,12,2016,6,20,41,0,2,7,4,6,STORY AVE,COLGATE AVE,0,40.82130000,-73.880358330000,0,8,0,0,3,2,0,1,3,1,0,1,0,0000000,99,99,99,99,99,99,0,0,0,1,0
36,360921,3,2,1,0,0,2,2,47,4170,4,12,2016,1,2,13,0,2,7,4,6,12TH AVE,40TH ST,0,40.64138889,-73.989094440000,0,12,6,0,2,2,0,1,3,1,0,1,0,0000000,2,15,2,19,2,55,0,0,0,1,0
36,360922,1,1,0,1,1,1,1,75,4540,9,12,2016,6,22,31,1,1,3,1,3,SR-104,,0,43.42412222,-76.572855560000,0,9,0,0,1,1,0,1,2,10,0,10,0,0000000,22,41,22,47,23,1,0,0,0,1,1
36,360923,1,1,0,0,0,1,1,65,3198,21,9,2016,4,16,45,1,1,3,1,3,SR-26,,0,43.30766667,-75.473494440000,0,32,0,0,1,1,0,4,1,1,0,1,0,0000000,16,47,16,56,17,56,0,0,0,1,0
36,360924,1,1,0,1,1,2,2,59,2600,20,7,2016,4,23,55,0,2,7,3,6,OLD COUNTRY RD,SALISBURY PK DR,0,40.74951111,-73.579608330000,0,8,0,0,3,2,0,1,3,1,0,1,0,0000000,99,99,99,99,99,99,0,0,0,1,0
36,360925,1,1,0,1,1,1,1,59,2370,15,9,2016,5,11,35,0,2,7,3,5,SHOREWARD DR,,0,40.78758333,-73.722958330000,0,8,0,0,1,1,0,1,1,1,0,1,0,0000000,99,99,99,99,99,99,0,0,0,1,0
36,360926,1,1,0,0,0,1,1,59,4090,18,9,2016,1,5,30,0,2,5,4,6,HERRICKS RD,WILSON BLVD,0,40.74826667,-73.657608330000,0,46,0,0,3,2,0,4,3,1,0,1,0,0000000,99,99,99,99,99,99,0,0,0,1,0
36,360927,1,1,0,1,1,1,1,59,4090,30,9,2016,6,9,50,0,2,5,4,6,S MIDDLE NECK RD,,0,40.78614444,-73.725186110000,0,8,0,0,1,1,0,1,1,10,0,10,0,0000000,99,99,99,99,99,99,0,0,0,1,0
36,360928,1,1,0,0,0,1,1,75,5607,29,12,2016,5,2,26,0,2,4,2,4,CR-53,,0,43.44171111,-76.450758330000,0,42,0,0,1,1,0,4,2,10,0,10,0,0000000,2,26,2,37,3,3,0,0,0,1,1
36,360929,1,1,0,0,0,1,1,59,5370,21,8,2016,1,12,23,0,2,7,3,5,BAYVIEW AVE,,0,40.79705833,-73.746591670000,0,33,0,0,1,1,0,4,1,1,0,1,0,0000000,99,99,99,99,99,99,0,0,0,1,0
36,360930,4,4,0,0,0,5,5,91,5470,30,11,2016,4,8,1,0,2,3,1,3,SR-50,WEST AVE,0,43.06125833,-73.802786110000,0,12,6,0,2,3,0,1,1,10,0,10,0,0000000,99,99,99,99,99,99,0,0,0,1,0
36,360931,2,2,0,0,0,3,3,119,6825,16,12,2016,6,17,12,0,1,7,3,5,BROAD ST,BENJAMIN BLVD,0,41.29146111,-73.781163890000,0,12,8,0,3,3,0,1,3,1,0,1,0,0000000,99,99,99,99,99,99,0,0,0,1,0
36,360932,1,1,0,0,0,1,1,87,9997,7,12,2016,4,10,49,1,1,1,1,1,I-87,,283,99.99990000,999.999900000000,0,31,0,0,1,1,0,4,1,10,0,10,0,0000000,10,49,10,56,11,52,0,0,0,1,0
36,360933,2,2,0,0,0,2,2,29,750,26,11,2016,7,2,11,0,2,7,4,6,BROADWAY,SCHUTRUM ST,0,42.89647222,-78.817705560000,0,12,2,0,2,3,0,1,3,2,0,2,0,0000000,99,99,99,99,99,99,0,0,0,1,0
36,360934,2,2,0,0,0,2,2,105,4028,14,12,2016,4,7,7,0,1,3,1,3,SR-55,,0,41.85848056,-74.581513890000,0,12,2,0,1,1,0,1,1,10,0,10,0,0000000,7,26,7,41,10,0,0,0,0,1,0
36,360935,1,1,0,0,0,1,1,67,3310,15,12,2016,5,99,99,1,2,3,1,3,SR-370,,0,43.09668889,-76.202216670000,0,3,0,0,1,1,0,4,9,4,0,4,0,0000000,21,37,21,44,88,88,0,0,0,1,0
36,360936,1,1,0,0,0,2,2,103,2840,17,12,2016,7,12,56,1,1,3,1,3,SR-908G,,0,40.82518333,-73.364452780000,0,1,0,0,1,1,0,1,1,2,0,2,0,0000000,99,99,99,99,13,28,0,0,0,1,0
36,360937,1,1,0,1,1,1,1,103,2920,27,11,2016,1,4,48,1,2,1,1,1,I-495,,0,40.80870556,-73.170997220000,0,8,0,0,1,1,0,1,3,1,0,1,0,0000000,99,99,99,99,88,88,0,0,0,1,0
36,360938,4,4,0,0,0,5,5,103,5520,31,12,2016,7,5,0,1,2,3,1,3,SR-27,,0,40.76283889,-73.090752780000,0,12,1,0,1,1,0,1,2,1,0,1,0,0000000,5,1,99,99,99,99,0,0,0,1,1
36,360939,1,1,0,1,1,2,2,103,2920,23,11,2016,4,17,14,0,2,7,3,5,1597 MANATUCK BLVD,,0,40.75644722,-73.271208330000,0,8,0,0,1,1,0,1,3,10,0,10,0,0000000,99,99,99,99,88,88,0,0,0,1,0
36,360940,1,1,0,2,2,4,4,109,2170,4,12,2016,1,17,11,0,1,4,2,4,CR-182,,0,42.52222500,-76.414822220000,0,8,0,0,1,1,0,1,2,10,0,10,0,0000000,17,12,17,20,99,99,0,0,0,1,0
36,360941,2,2,0,0,0,2,2,67,1179,31,10,2016,2,22,40,0,1,7,2,4,CR-45,,0,43.13304167,-76.186822220000,0,12,2,0,1,1,0,1,2,1,0,1,0,0000000,22,40,22,41,23,23,0,0,0,1,0
36,360942,2,2,0,0,0,3,3,7,4935,28,12,2016,4,22,45,1,1,1,1,1,I-88,,0,42.18568611,-75.716102780000,0,12,1,0,1,1,0,1,2,10,0,10,0,0000000,23,0,23,18,23,57,0,0,0,1,1
36,360943,1,1,0,1,1,1,1,55,2395,10,11,2016,5,19,46,0,2,7,3,5,LATTA RD,ISLAND COTTAGE RD,0,43.25286389,-77.665361110000,0,8,0,0,3,3,0,1,3,10,0,10,0,0000000,19,46,19,51,20,33,0,0,0,1,0
36,360944,1,1,0,1,1,1,1,55,2395,4,12,2016,1,11,57,0,2,7,3,5,830 FLYNN RD,,0,43.27138611,-77.714986110000,0,8,0,0,1,1,0,1,1,1,0,1,0,0000000,11,57,12,3,12,32,0,0,0,1,0
36,360945,1,1,0,0,0,2,2,105,3913,26,12,2016,2,14,2,0,1,6,2,4,CR-54,,0,41.69405278,-74.537413890000,0,24,0,0,1,1,0,4,1,98,0,98,0,0000000,99,99,99,99,99,99,0,0,0,1,0
36,360946,1,1,0,1,1,1,1,103,360,14,12,2016,4,22,0,0,2,7,4,6,PARK AVE,,0,40.70209167,-73.329033330000,0,8,0,0,1,1,0,1,3,1,0,1,0,0000000,22,1,22,2,22,15,0,0,0,1,0
36,360947,1,1,0,0,0,2,2,71,4060,22,12,2016,5,13,47,0,2,6,3,5,QUAKER ST,,0,41.58690833,-74.091366670000,0,42,0,0,1,1,0,4,1,1,0,1,0,0000000,99,99,99,99,99,99,0,0,0,1,1
36,360948,2,2,0,0,0,3,3,103,5769,28,12,2016,4,21,9,0,2,3,1,3,SR-347,SR-111,0,40.83046667,-73.198083330000,0,12,6,0,2,2,0,1,3,10,0,10,0,0000000,99,99,99,99,99,99,0,0,0,1,0
36,360949,1,1,0,0,0,1,1,29,3070,16,9,2016,6,3,39,0,2,4,4,6,RIDGE RD,,0,42.82830278,-78.813172220000,0,38,0,0,1,1,0,4,2,1,0,1,0,0000000,3,39,3,40,4,10,0,0,0,1,0
36,360950,1,1,0,1,1,1,1,61,4170,18,8,2016,5,15,46,0,2,7,4,6,E 108TH ST,,0,40.79546944,-73.949816670000,0,8,0,0,4,1,0,1,1,1,0,1,0,0000000,99,99,99,99,99,99,0,0,0,1,0
36,360951,2,1,1,1,1,1,1,61,4170,8,11,2016,3,22,16,0,2,7,4,6,MADISON AVE,E 116TH ST,0,40.79998889,-73.944866670000,0,8,0,0,3,2,0,1,3,1,0,1,0,0000000,99,99,99,99,99,99,0,0,0,1,0
36,360952,2,1,1,0,0,1,1,47,4170,25,4,2016,2,11,5,0,2,7,4,6,CAMBRIDGE PL,,0,40.68350556,-73.962797220000,0,14,0,0,1,1,0,7,1,1,0,1,0,0000000,99,99,99,99,99,99,0,0,0,1,0
36,360953,1,1,0,1,1,1,1,55,5230,28,9,2016,4,15,31,0,2,7,4,6,SENECA AVE,SR-104 SERVICE RD,0,43.19182778,-77.608683330000,0,9,0,0,2,2,0,1,1,1,0,1,0,0000000,99,99,99,99,99,99,0,0,0,1,0
36,360954,2,2,0,0,0,3,3,29,750,13,1,2016,4,16,32,1,2,3,1,2,US-62 BAILEY AVE,,0,42.87015833,-78.821361110000,0,12,6,0,8,1,0,1,1,10,0,10,0,0000000,99,99,99,99,99,99,0,0,0,1,0
36,360955,1,1,0,0,0,1,1,119,6825,13,2,2016,7,10,12,1,1,3,1,2,US-6,,0,41.33037222,-73.836044440000,0,1,0,0,1,1,0,1,1,1,0,1,0,0000000,99,99,99,99,99,99,0,0,0,1,0
36,360956,1,1,0,1,1,1,1,119,3940,24,2,2016,4,6,28,0,2,7,4,6,N TERRACE AVE,W GRAND ST,0,40.92574444,-73.838472220000,0,8,0,0,2,2,0,1,2,2,0,2,0,0000000,6,28,6,35,88,88,0,0,0,1,0
36,360957,1,1,0,1,1,1,1,47,4170,10,3,2016,5,6,10,0,2,5,4,6,GRAND ST,UNION AVE,0,40.71098333,-73.950961110000,0,8,0,0,3,2,0,1,4,1,0,1,0,0000000,99,99,99,99,99,99,0,0,0,1,0
36,360958,1,1,0,1,1,1,1,87,4063,17,4,2016,1,8,40,0,2,7,3,5,DEMAREST MILL RD W,,0,41.09970000,-73.998591670000,0,8,0,0,8,1,0,1,1,1,0,1,0,0000000,99,99,99,99,99,99,0,0,0,1,0
36,360959,1,1,0,0,0,1,1,73,5195,26,4,2016,3,13,30,1,1,3,1,3,SR-31 TELEGRAPH RD,,0,43.21814722,-78.425019440000,0,23,0,0,1,1,0,4,1,1,0,1,0,0000000,99,99,99,99,99,99,0,0,0,1,0
36,360960,1,1,0,0,0,1,1,71,1370,6,1,2016,4,15,13,0,1,7,3,5,MILL ST,OLD MILL ST,0,41.43973889,-74.051897220000,0,31,0,0,3,4,0,4,1,1,0,1,0,0000000,99,99,99,99,99,99,0,0,0,1,0
36,360961,1,1,0,1,1,1,1,1,50,2,6,2016,5,21,35,0,2,3,1,3,SR-5 CENTRAL AVE,,0,42.65730000,-73.763975000000,0,8,0,0,1,1,0,1,3,1,0,1,0,0000000,99,99,99,99,99,99,0,0,0,1,0
36,360962,2,1,1,0,0,1,1,67,6010,11,6,2016,7,15,24,0,2,7,4,6,BUTTERNUT ST,S ALVORD ST,0,43.06185278,-76.144866670000,0,14,0,0,3,2,0,2,1,1,0,1,0,0000000,99,99,99,99,99,99,0,0,0,1,0
36,360963,3,3,0,0,0,4,4,119,2585,22,6,2016,4,15,49,1,2,4,1,3,SR-9A SAW MILL RIVER RD,DANA RD,0,41.08123889,-73.818513890000,0,12,6,0,2,2,0,1,1,1,0,1,0,0000000,15,49,15,55,16,24,14,0,0,2,0
36,360964,1,1,0,0,0,1,1,103,3610,22,3,2016,3,13,0,0,2,7,3,5,ELIJAHS LANE,,0,41.00726944,-72.517991670000,0,10,0,0,6,1,0,1,1,1,0,1,0,9999999,13,10,13,17,14,10,0,0,0,1,0
36,360965,5,5,0,0,0,11,11,103,5810,14,11,2016,2,20,5,0,2,7,3,5,FLANDERS RD,,0,40.90375278,-72.604911110000,0,12,8,0,1,1,0,1,3,10,0,10,0,0000000,99,99,99,99,99,99,0,0,0,1,1
36,360966,1,1,0,1,1,1,1,77,6170,5,12,2016,2,17,8,0,1,5,1,3,SR-7,,0,42.32943889,-75.301800000000,0,8,0,0,1,1,0,2,2,10,0,10,0,0000000,17,8,17,18,19,8,0,0,0,1,0
36,360967,2,2,0,0,0,2,2,103,450,3,12,2016,7,11,53,0,2,7,3,5,PINE ACRES BLVD,HURON DR,0,40.73760278,-73.270100000000,0,12,6,0,2,2,0,1,1,1,0,1,0,0000000,99,99,99,99,99,99,0,0,0,1,0
36,360968,2,2,0,0,0,4,4,103,3715,16,12,2016,6,15,49,0,1,4,3,5,ROCKY POINT RD,WHISKEY RD,0,40.90777778,-72.941963890000,0,12,6,0,2,2,0,1,1,1,0,1,0,0000000,99,99,99,99,99,99,0,0,0,2,0
36,360969,1,1,0,1,1,2,2,29,750,25,10,2016,3,19,18,0,2,7,4,6,FILLMORE AVE,SYCAMORE ST,0,42.89771111,-78.839147220000,0,8,0,0,3,2,0,1,3,1,0,1,0,0000000,99,99,99,99,99,99,0,0,0,1,0